epoch,time,train/box_loss,train/cls_loss,train/l1_loss,metrics/precision(B),metrics/recall(B),metrics/mAP50(B),metrics/mAP50-95(B),val/box_loss,val/cls_loss,val/l1_loss,lr/pg0,lr/pg1,lr/pg2
1,3155.62,1.67959,1.56942,0.00505,0.57568,0.4627,0.48853,0.25916,1.68302,1.40356,0.00657,0.000333328,0.000333328,0.000333328
2,6231.48,1.65916,1.47529,0.00498,0.59772,0.47136,0.50007,0.26807,1.67527,1.37861,0.00655,0.000600662,0.000600662,0.000600662
3,9254.44,1.65429,1.45433,0.00499,0.6125,0.47004,0.50478,0.27147,1.67401,1.36514,0.00654,0.000801996,0.000801996,0.000801996
4,12173,1.65274,1.44694,0.0049,0.61565,0.47003,0.50742,0.2737,1.67377,1.35926,0.00654,0.000703,0.000703,0.000703
5,15255.9,1.65639,1.44505,0.00498,0.60938,0.47389,0.50879,0.27497,1.67287,1.35624,0.00654,0.000604,0.000604,0.000604
6,18347.6,1.51562,1.27653,0.00496,0.61026,0.4746,0.50883,0.27518,1.67284,1.34867,0.00654,0.000505,0.000505,0.000505
7,21413.6,1.5156,1.27395,0.00495,0.61236,0.47269,0.5091,0.27562,1.67296,1.34473,0.00654,0.000406,0.000406,0.000406
8,24444.8,1.51789,1.27361,0.00498,0.6105,0.47339,0.5093,0.27582,1.6727,1.34275,0.00654,0.000307,0.000307,0.000307
9,27473.4,1.51511,1.27045,0.00497,0.60994,0.47306,0.50934,0.27588,1.67257,1.34147,0.00654,0.000208,0.000208,0.000208
10,30692,1.51304,1.26718,0.00497,0.60855,0.47386,0.50942,0.27596,1.67248,1.34082,0.00654,0.000109,0.000109,0.000109
